Characteristics,SizeOfInitializedData,SizeOfUninitializedData,BaseOfData,ImageBase,SectionAlignment,FileAlignment,MajorOperatingSystemVersion,MinorImageVersion,SizeOfImage,SizeOfHeaders,Subsystem,DllCharacteristics,SizeOfStackReserve,NumberOfRvaAndSizes,SectionsNb,SectionsMaxEntropy,SectionsMeanRawsize,ImportsNbDLL,ImportsNb,ImportsNbOrdinal,ExportNb,ResourcesNb,ResourcesMinEntropy,ResourcesMeanSize,ResourcesMinSize,ResourcesMaxSize,VersionInformationSize
271.0,210432.0,0.0,16384.0,16777216.0,1.0,0.0,5.0,1.0,1.0,1.0,2.0,32768.0,262144.0,16.0,3.0,6.27750705285,79018.6666667,7.0,95.0,1.0,0.0,13.0,1.45451080375,16066.384615399998,20.0,49090.0,16.0
8450.0,34304.0,0.0,77824.0,268435456.0,1.0,0.0,5.0,0.0,1.0,1.0,2.0,320.0,1048576.0,16.0,5.0,6.63415295274,20992.0,5.0,74.0,0.0,4.0,2.0,3.4092295020599996,589.0,346.0,832.0,16.0
271.0,16384.0,0.0,32768.0,16777216.0,1.0,0.0,5.0,1.0,1.0,1.0,3.0,32768.0,262144.0,16.0,3.0,6.62050546393,10240.0,4.0,66.0,13.0,0.0,2.0,3.3732625600999997,1602.0,908.0,2296.0,16.0
258.0,6901248.0,0.0,49152.0,16777216.0,1.0,0.0,6.0,0.0,1.0,1.0,2.0,33088.0,262144.0,16.0,4.0,7.998462035479999,1736192.0,7.0,154.0,1.0,0.0,36.0,0.0,191492.333333,4.0,6790730.0,16.0
8450.0,36864.0,0.0,69632.0,268435456.0,1.0,0.0,4.0,0.0,1.0,0.0,2.0,0.0,1048576.0,16.0,4.0,6.19418799644,25600.0,7.0,66.0,6.0,0.0,1.0,3.3375054670599997,868.0,868.0,868.0,20.0
8450.0,40448.0,0.0,98304.0,268435456.0,1.0,0.0,5.0,0.0,1.0,1.0,2.0,320.0,1048576.0,16.0,5.0,6.499317585449999,26521.6,16.0,247.0,20.0,14.0,2.0,3.54747444313,577.0,346.0,808.0,17.0
8462.0,188416.0,0.0,380928.0,268435456.0,1.0,0.0,4.0,0.0,1.0,1.0,2.0,0.0,1048576.0,16.0,5.0,6.6502301824900005,112230.4,3.0,98.0,4.0,4.0,1.0,3.3964372644300003,968.0,968.0,968.0,20.0
8974.0,958464.0,1536.0,118784.0,1711276032.0,1.0,0.0,4.0,0.0,1.0,1.0,3.0,0.0,2097152.0,16.0,10.0,7.36242870243,95846.4,3.0,55.0,0.0,13.0,1.0,3.49026836694,1648.0,1648.0,1648.0,18.0
271.0,20480.0,0.0,12288.0,16777216.0,1.0,0.0,5.0,1.0,1.0,1.0,2.0,32768.0,262144.0,16.0,3.0,4.3112078809300005,9557.33333333,4.0,55.0,0.0,0.0,9.0,2.82125592207,1724.44444444,104.0,4184.0,17.0
271.0,24576.0,0.0,45056.0,4194304.0,1.0,0.0,4.0,0.0,1.0,1.0,2.0,0.0,1048576.0,16.0,4.0,6.40642677513,15360.0,3.0,76.0,0.0,0.0,5.0,2.37085907723,573.6,34.0,1280.0,16.0
259.0,147456.0,0.0,618496.0,4194304.0,1.0,0.0,4.0,0.0,1.0,1.0,3.0,0.0,1048576.0,16.0,4.0,7.16437893589,202752.0,13.0,442.0,0.0,1.0,2.0,3.4516945211400003,843.5,595.0,1092.0,20.0
8450.0,2048.0,0.0,4096.0,1022361600.0,1.0,0.0,5.0,0.0,1.0,1.0,3.0,1344.0,1048576.0,16.0,2.0,4.25145093893,1024.0,0.0,0.0,0.0,0.0,3.0,3.27351878223,427.33333333300004,346.0,506.0,0.0
8450.0,8704.0,0.0,4096.0,268435456.0,1.0,0.0,4.0,0.0,1.0,1.0,2.0,1024.0,1048576.0,16.0,2.0,5.3132580023500005,4352.0,0.0,0.0,0.0,0.0,6.0,3.16414772965,1155.0,59.0,4626.0,15.0
258.0,8192.0,0.0,16384.0,4194304.0,1.0,0.0,4.0,0.0,1.0,1.0,2.0,34112.0,1048576.0,16.0,3.0,5.23278955179,5461.33333333,1.0,1.0,0.0,0.0,2.0,3.4138016549000003,621.0,490.0,752.0,17.0
271.0,361984.0,0.0,839680.0,16777216.0,1.0,0.0,5.0,1.0,1.0,1.0,2.0,32768.0,262144.0,16.0,3.0,6.47819957407,378026.666667,23.0,1019.0,563.0,0.0,321.0,0.545897058697,839.5607476639999,2.0,18376.0,16.0
8450.0,32768.0,0.0,53248.0,268435456.0,1.0,0.0,5.0,0.0,1.0,1.0,2.0,320.0,1048576.0,16.0,5.0,6.47729246318,16179.2,7.0,93.0,11.0,4.0,4.0,1.59987963785,466.75,58.0,743.0,16.0
271.0,72192.0,0.0,40960.0,25165824.0,1.0,0.0,5.0,1.0,1.0,1.0,3.0,32768.0,1048576.0,16.0,3.0,6.547066711089999,28330.6666667,10.0,119.0,3.0,26.0,13.0,0.833805455061,1138.46153846,40.0,3196.0,16.0
258.0,17408.0,0.0,212992.0,4194304.0,1.0,0.0,6.0,20512.0,1.0,1.0,2.0,33088.0,262144.0,16.0,4.0,6.3223451297899995,58624.0,8.0,176.0,9.0,0.0,4.0,2.8381630818700003,508.5,188.0,932.0,16.0
8450.0,7680.0,0.0,28672.0,268435456.0,1.0,0.0,6.0,0.0,1.0,1.0,2.0,320.0,1048576.0,16.0,5.0,6.480625571719999,6144.0,4.0,78.0,0.0,35.0,2.0,3.4238388731700002,556.5,381.0,732.0,14.0
271.0,40960.0,0.0,8192.0,4194304.0,1.0,0.0,4.0,0.0,1.0,1.0,2.0,0.0,1048576.0,16.0,4.0,5.873798462919999,11264.0,3.0,41.0,0.0,0.0,16.0,2.2396803262400002,1969.75,84.0,9640.0,17.0
258.0,753664.0,0.0,1609728.0,4194304.0,1.0,0.0,5.0,0.0,1.0,1.0,3.0,33088.0,1048576.0,16.0,5.0,6.666851482409999,467763.2,5.0,175.0,0.0,0.0,13.0,1.29402824046,10948.307692299999,160.0,67624.0,16.0
8450.0,128000.0,0.0,286720.0,268435456.0,1.0,0.0,5.0,0.0,1.0,1.0,2.0,320.0,1048576.0,16.0,5.0,6.371925990249999,81100.8,12.0,236.0,0.0,27.0,2.0,3.46138300944,772.5,381.0,1164.0,20.0
258.0,40960.0,0.0,24576.0,16777216.0,1.0,0.0,6.0,1.0,1.0,1.0,3.0,33088.0,262144.0,16.0,5.0,6.54798793796,13209.6,4.0,100.0,0.0,0.0,3.0,2.72323122425,602.666666667,200.0,924.0,16.0
8226.0,4096.0,0.0,0.0,6442450944.0,1.0,0.0,6.0,1.0,1.0,1.0,3.0,320.0,262144.0,16.0,5.0,5.89852484331,3379.2,5.0,40.0,0.0,24.0,1.0,3.5138946078699993,1272.0,1272.0,1272.0,20.0
259.0,2777088.0,0.0,151552.0,4194304.0,1.0,0.0,4.0,0.0,1.0,1.0,2.0,32768.0,1048576.0,16.0,5.0,5.78386112939,49971.2,8.0,166.0,0.0,0.0,8.0,2.95693678227,1566.625,144.0,8602.0,16.0
8450.0,2048.0,0.0,4096.0,1022361600.0,1.0,0.0,5.0,0.0,1.0,1.0,3.0,1344.0,1048576.0,16.0,2.0,4.28865743382,1024.0,0.0,0.0,0.0,0.0,3.0,3.23256724676,418.66666666699996,346.0,494.0,0.0
3331.0,8192.0,0.0,40960.0,16777216.0,1.0,0.0,6.0,0.0,1.0,1.0,2.0,33792.0,262144.0,16.0,4.0,7.98139125626,644992.0,8.0,106.0,1.0,0.0,5.0,2.32069715004,1381.6,224.0,2836.0,26.0
8226.0,2048.0,0.0,172032.0,1476722688.0,1.0,0.0,4.0,0.0,1.0,1.0,3.0,34112.0,1048576.0,16.0,3.0,6.1590975572,53589.3333333,1.0,1.0,0.0,0.0,1.0,3.47346711661,1084.0,1084.0,1084.0,18.0
271.0,20992.0,0.0,45056.0,16777216.0,1.0,0.0,5.0,2.0,1.0,1.0,3.0,32768.0,262144.0,16.0,3.0,6.278141290669999,25429.3333333,10.0,110.0,5.0,0.0,18.0,2.4667182787799997,1016.22222222,92.0,1720.0,16.0
8450.0,34304.0,0.0,77824.0,268435456.0,1.0,0.0,5.0,0.0,1.0,1.0,2.0,320.0,1048576.0,16.0,5.0,6.631491228430001,20992.0,5.0,74.0,0.0,4.0,2.0,3.38323341809,583.0,346.0,820.0,16.0
258.0,5632.0,0.0,8192.0,4194304.0,1.0,0.0,5.0,0.0,1.0,1.0,3.0,33088.0,1048576.0,16.0,5.0,5.97954809284,1945.6,7.0,77.0,8.0,0.0,1.0,5.0206950828900005,598.0,598.0,598.0,0.0
287.0,45568.0,0.0,315392.0,16777216.0,1.0,0.0,5.0,20512.0,1.0,1.0,2.0,32768.0,262144.0,16.0,3.0,6.8238268872,168960.0,20.0,632.0,14.0,0.0,43.0,2.08391375854,805.88372093,20.0,8152.0,16.0
8450.0,61440.0,0.0,135168.0,1615069184.0,1.0,0.0,4.0,0.0,1.0,1.0,2.0,0.0,1048576.0,16.0,6.0,6.97602648204,50517.3333333,7.0,169.0,23.0,5.0,5.0,0.833805455061,1011.8,40.0,4112.0,15.0
8226.0,175104.0,0.0,1171456.0,1625686016.0,1.0,0.0,4.0,0.0,1.0,1.0,3.0,34112.0,1048576.0,16.0,3.0,5.866235447259999,445610.666667,1.0,1.0,0.0,0.0,2.0,3.5048660804800003,87014.5,976.0,173053.0,18.0
775.0,266240.0,0.0,40960.0,16777216.0,1.0,0.0,5.0,0.0,1.0,1.0,2.0,0.0,262144.0,16.0,3.0,7.918604576889999,101034.666667,6.0,124.0,1.0,0.0,31.0,0.0,8481.96774194,4.0,243594.0,16.0
8450.0,69632.0,0.0,212992.0,4194304.0,1.0,0.0,4.0,0.0,1.0,1.0,3.0,34112.0,1048576.0,16.0,3.0,7.07763763393,90965.3333333,1.0,1.0,0.0,0.0,3.0,2.1609640474400003,22828.0,20.0,67624.0,18.0
271.0,7168.0,0.0,24576.0,16777216.0,1.0,0.0,5.0,1.0,1.0,1.0,2.0,32768.0,262144.0,16.0,3.0,6.26095308594,7680.0,5.0,105.0,1.0,0.0,1.0,3.5028113777199996,908.0,908.0,908.0,16.0
271.0,3072.0,0.0,20480.0,16777216.0,1.0,0.0,5.0,1.0,1.0,1.0,2.0,32768.0,262144.0,16.0,3.0,5.86877716874,6144.0,8.0,80.0,0.0,0.0,3.0,3.11937357597,686.666666667,412.0,912.0,16.0
271.0,42496.0,0.0,36864.0,16777216.0,1.0,0.0,5.0,1.0,1.0,1.0,2.0,32768.0,262144.0,16.0,3.0,6.27751306978,22698.6666667,9.0,201.0,0.0,0.0,23.0,1.64737769823,1466.08695652,58.0,9640.0,16.0
8450.0,5120.0,0.0,4096.0,1610547200.0,1.0,0.0,6.0,0.0,1.0,1.0,1.0,1344.0,262144.0,16.0,3.0,4.19448105522,1706.66666667,0.0,0.0,0.0,1.0,1.0,3.51703792253,928.0,928.0,928.0,16.0
271.0,12288.0,0.0,49152.0,16777216.0,1.0,0.0,5.0,1.0,1.0,1.0,3.0,32768.0,262144.0,16.0,4.0,6.30595357916,14336.0,11.0,132.0,13.0,0.0,19.0,1.2905731979000001,528.526315789,48.0,1680.0,16.0
